,NULL_CNT,NON_NULL_CNT,PERC_NULL,PERC_NON_NULL,num_unq_vals
Id,0,150,0.0,1.0,150
SepalLengthCm,0,150,0.0,1.0,35
SepalWidthCm,0,150,0.0,1.0,23
PetalLengthCm,0,150,0.0,1.0,43
PetalWidthCm,0,150,0.0,1.0,22
Species,0,150,0.0,1.0,3
SepalLengthCm.1,9,141,0.06,0.94,34
SepalWidthCm.1,10,140,0.06666666666666667,0.9333333333333333,23
PetalLengthCm.1,10,140,0.06666666666666667,0.9333333333333333,43
PetalWidthCm.1,6,144,0.04,0.96,22
Species.1,6,144,0.04,0.96,3
